login,password,first_name,last_name
ASAHIDT,ASAHIDT,David,Asahina
COBBS2,COBBS2,Sandi,Cobb
POPVUSER,POPVUSER,The,Man
FLORJR,FLORJR,Rudy,Flores
THOM1J,THOM1J,Susan,Thompson
RAYMC0,RAYMC0,Cathy,Raymond
HEDSTX,HEDSTX,Travis,Hedstrom
DALYJW,DALYJW,John,Daly
MEHTP0,MEHTP0,Prashant,Mehta
LOOMT0,LOOMT0,Tina,Moomer
admin,admin,Telaeris,Admin
